date,currency,central_rate,crude_oil_price,inflation_rate,year
2009-01-01,euro,188.86623684210525,44.95,14.0,2009
2009-01-01,pound sterling,205.476815,44.95,14.0,2009
2009-01-01,us dollar,142.25650000000002,44.95,14.0,2009
2009-01-01,yen,1.5714333333333335,44.95,14.0,2009
2009-02-01,euro,185.835665,46.52,14.6,2009
2009-02-01,pound sterling,209.4463,46.52,14.6,2009
2009-02-01,us dollar,145.1775,46.52,14.6,2009
2009-02-01,yen,1.5689350000000002,46.52,14.6,2009
2009-03-01,euro,190.56683157894736,49.7,14.4,2009
2009-03-01,pound sterling,206.934195,49.7,14.4,2009
2009-03-01,us dollar,145.8,49.7,14.4,2009
2009-03-01,yen,1.4909333333333332,49.7,14.4,2009
2009-04-01,euro,191.567545,51.16,13.3,2009
2009-04-01,pound sterling,213.53659,51.16,13.3,2009
2009-04-01,us dollar,145.2695,51.16,13.3,2009
2009-04-01,yen,1.4719950000000002,51.16,13.3,2009
2009-05-01,euro,198.9216263157895,60.02,13.2,2009
2009-05-01,pound sterling,224.6467842105263,60.02,13.2,2009
2009-05-01,us dollar,145.87894736842105,60.02,13.2,2009
2009-05-01,yen,1.511336842105263,60.02,13.2,2009
2009-06-01,euro,204.94507272727276,72.24,11.2,2009
2009-06-01,pound sterling,239.08759545454544,72.24,11.2,2009
2009-06-01,us dollar,146.235,72.24,11.2,2009
2009-06-01,yen,1.5131272727272729,72.24,11.2,2009
2009-07-01,euro,206.6514304347826,66.52,11.1,2009
2009-07-01,pound sterling,239.88057826086958,66.52,11.1,2009
2009-07-01,us dollar,146.6413043478261,66.52,11.1,2009
2009-07-01,yen,1.5503173913043478,66.52,11.1,2009
2009-08-01,euro,213.76379047619048,74.0,11.0,2009
2009-08-01,pound sterling,247.53717142857144,74.0,11.0,2009
2009-08-01,us dollar,149.82190476190476,74.0,11.0,2009
2009-08-01,yen,1.5798285714285716,74.0,11.0,2009
2009-09-01,euro,219.16603,70.22,10.4,2009
2009-09-01,pound sterling,246.30929,70.22,10.4,2009
2009-09-01,us dollar,150.6095,70.22,10.4,2009
2009-09-01,yen,1.6475750000000002,70.22,10.4,2009
2009-10-01,euro,218.60747619047618,78.25,11.6,2009
2009-10-01,pound sterling,238.70589523809525,78.25,11.6,2009
2009-10-01,us dollar,147.3790476190476,78.25,11.6,2009
2009-10-01,yen,1.6308333333333334,78.25,11.6,2009
2009-11-01,euro,222.30469444444444,78.11,12.4,2009
2009-11-01,pound sterling,247.6158444444444,78.11,12.4,2009
2009-11-01,us dollar,149.0911111111111,78.11,12.4,2009
2009-11-01,yen,1.6666055555555555,78.11,12.4,2009
2009-12-01,euro,216.09249523809524,75.11,13.9,2009
2009-12-01,pound sterling,240.16660952380954,75.11,13.9,2009
2009-12-01,us dollar,147.7104761904762,75.11,13.9,2009
2009-12-01,yen,1.6469380952380954,75.11,13.9,2009
2010-01-01,euro,211.00934,77.62,14.4,2010
2010-01-01,pound sterling,239.15104499999998,77.62,14.4,2010
2010-01-01,us dollar,147.822,77.62,14.4,2010
2010-01-01,yen,1.617995,77.62,14.4,2010
2010-02-01,euro,202.9884157894737,75.06,15.6,2010
2010-02-01,pound sterling,231.87673157894739,75.06,15.6,2010
2010-02-01,us dollar,148.23736842105265,75.06,15.6,2010
2010-02-01,yen,1.6410736842105262,75.06,15.6,2010
2010-03-01,euro,200.7047565217391,80.27,14.8,2010
2010-03-01,pound sterling,222.5116304347826,80.27,14.8,2010
2010-03-01,us dollar,147.8459090909091,80.27,14.8,2010
2010-03-01,yen,1.630608695652174,80.27,14.8,2010
2010-04-01,euro,198.41998,85.29,15.0,2010
2010-04-01,pound sterling,226.778735,85.29,15.0,2010
2010-04-01,us dollar,147.898,85.29,15.0,2010
2010-04-01,yen,1.5816649999999999,85.29,15.0,2010
2010-05-01,euro,186.01699444444444,77.54,12.9,2010
2010-05-01,pound sterling,216.8308,77.54,12.9,2010
2010-05-01,us dollar,148.3175,77.54,12.9,2010
2010-05-01,yen,1.6116000000000001,77.54,12.9,2010
2010-06-01,euro,180.93451904761903,75.79,14.1,2010
2010-06-01,pound sterling,218.68471818181817,75.79,14.1,2010
2010-06-01,us dollar,148.2231818181818,75.79,14.1,2010
2010-06-01,yen,1.631142857142857,75.79,14.1,2010
2010-07-01,euro,189.18939545454543,77.18,13.0,2010
2010-07-01,pound sterling,226.2544318181818,77.18,13.0,2010
2010-07-01,us dollar,148.10363636363635,77.18,13.0,2010
2010-07-01,yen,1.6928409090909091,77.18,13.0,2010
2010-08-01,euro,191.25207727272726,78.67,13.7,2010
2010-08-01,pound sterling,232.15624090909088,78.67,13.7,2010
2010-08-01,us dollar,148.2740909090909,78.67,13.7,2010
2010-08-01,yen,1.7369045454545455,78.67,13.7,2010
2010-09-01,euro,195.25776000000002,79.45,13.6,2010
2010-09-01,pound sterling,232.07892999999999,79.45,13.6,2010
2010-09-01,us dollar,149.04000000000002,79.45,13.6,2010
2010-09-01,yen,1.7661799999999999,79.45,13.6,2010
2010-10-01,euro,207.64398500000001,84.42,13.4,2010
2010-10-01,pound sterling,236.712435,84.42,13.4,2010
2010-10-01,us dollar,149.193,84.42,13.4,2010
2010-10-01,yen,1.8252400000000002,84.42,13.4,2010
2010-11-01,euro,202.963275,86.71,12.8,2010
2010-11-01,pound sterling,236.82545,86.71,12.8,2010
2010-11-01,us dollar,148.2425,86.71,12.8,2010
2010-11-01,yen,1.80041,86.71,12.8,2010
2010-12-01,euro,196.6072523809524,92.79,11.8,2010
2010-12-01,pound sterling,231.99604761904763,92.79,11.8,2010
2010-12-01,us dollar,148.55904761904762,92.79,11.8,2010
2010-12-01,yen,1.782404761904762,92.79,11.8,2010
2011-01-01,euro,199.78132,97.96,12.1,2011
2011-01-01,pound sterling,236.0983684210526,97.96,12.1,2011
2011-01-01,us dollar,149.52450000000002,97.96,12.1,2011
2011-01-01,yen,1.807235,97.96,12.1,2011
2011-02-01,euro,204.88123888888887,106.57,11.1,2011
2011-02-01,pound sterling,242.05534999999998,106.57,11.1,2011
2011-02-01,us dollar,149.93666666666667,106.57,11.1,2011
2011-02-01,yen,1.8169333333333333,106.57,11.1,2011
2011-03-01,euro,210.80012173913042,116.56,12.8,2011
2011-03-01,pound sterling,243.24735217391301,116.56,12.8,2011
2011-03-01,us dollar,150.49739130434781,116.56,12.8,2011
2011-03-01,yen,1.8417304347826087,116.56,12.8,2011
2011-04-01,euro,219.3603277777778,124.49,11.3,2011
2011-04-01,pound sterling,248.32827222222224,124.49,11.3,2011
2011-04-01,us dollar,151.8961111111111,124.49,11.3,2011
2011-04-01,yen,1.8196333333333332,124.49,11.3,2011
2011-05-01,euro,219.098,118.43,12.4,2011
2011-05-01,pound sterling,249.4903888888889,118.43,12.4,2011
2011-05-01,us dollar,152.7761111111111,118.43,12.4,2011
2011-05-01,yen,1.8828833333333332,118.43,12.4,2011
2011-06-01,euro,219.4951,117.03,10.2,2011
2011-06-01,pound sterling,247.3232818181818,117.03,10.2,2011
2011-06-01,us dollar,152.4731818181818,117.03,10.2,2011
2011-06-01,yen,1.8946818181818181,117.03,10.2,2011
2011-07-01,euro,213.91547142857144,117.86,9.4,2011
2011-07-01,pound sterling,241.7038952380952,117.86,9.4,2011
2011-07-01,us dollar,149.85999999999999,117.86,9.4,2011
2011-07-01,yen,1.8872761904761906,117.86,9.4,2011
2011-08-01,euro,216.04389523809525,111.99,9.3,2011
2011-08-01,pound sterling,246.66781904761905,111.99,9.3,2011
2011-08-01,us dollar,150.70333333333332,111.99,9.3,2011
2011-08-01,yen,1.9539238095238096,111.99,9.3,2011
2011-09-01,euro,210.98435454545452,115.73,10.3,2011
2011-09-01,pound sterling,242.0672590909091,115.73,10.3,2011
2011-09-01,us dollar,153.245,115.73,10.3,2011
2011-09-01,yen,1.9948590909090909,115.73,10.3,2011
2011-10-01,euro,207.50248000000002,113.12,10.5,2011
2011-10-01,pound sterling,238.32442500000002,113.12,10.5,2011
2011-10-01,us dollar,151.2145,113.12,10.5,2011
2011-10-01,yen,1.97247,113.12,10.5,2011
2011-11-01,euro,208.10194,113.92,10.5,2011
2011-11-01,pound sterling,242.695315,113.92,10.5,2011
2011-11-01,us dollar,153.664,113.92,10.5,2011
2011-11-01,yen,1.9840700000000002,113.92,10.5,2011
2011-12-01,euro,206.76558,111.46,10.3,2011
2011-12-01,pound sterling,243.74818999999997,111.46,10.3,2011
2011-12-01,us dollar,156.141,111.46,10.3,2011
2011-12-01,yen,2.0058,111.46,10.3,2011
2011-12-01,yuan/renminbi,24.6831,111.46,10.3,2011
2012-01-01,euro,201.8718761904762,113.81,12.6,2012
2012-01-01,pound sterling,242.49655714285714,113.81,12.6,2012
2012-01-01,us dollar,156.31857142857143,113.81,12.6,2012
2012-01-01,yen,2.030866666666667,113.81,12.6,2012
2012-01-01,yuan/renminbi,24.742875,113.81,12.6,2012
2012-02-01,euro,206.11617894736844,121.87,11.9,2012
2012-02-01,pound sterling,246.15833684210526,121.87,11.9,2012
2012-02-01,us dollar,155.79999999999998,121.87,11.9,2012
2012-02-01,yen,1.9814833333333333,121.87,11.9,2012
2012-02-01,yuan/renminbi,24.72708888888889,121.87,11.9,2012
2012-03-01,euro,205.3941090909091,128.0,12.1,2012
2012-03-01,pound sterling,246.12599090909092,128.0,12.1,2012
2012-03-01,us dollar,155.52727272727273,128.0,12.1,2012
2012-03-01,yen,1.883452380952381,128.0,12.1,2012
2012-03-01,yuan/renminbi,34.39942272727273,128.0,12.1,2012
2012-04-01,euro,204.38766315789474,122.62,12.9,2012
2012-04-01,pound sterling,248.65058947368422,122.62,12.9,2012
2012-04-01,us dollar,155.2736842105263,122.62,12.9,2012
2012-04-01,yen,1.9085166666666664,122.62,12.9,2012
2012-04-01,yuan/renminbi,24.618744444444445,122.62,12.9,2012
2012-05-01,euro,198.77795238095237,113.08,12.7,2012
2012-05-01,pound sterling,247.2307476190476,113.08,12.7,2012
2012-05-01,us dollar,155.2175,113.08,12.7,2012
2012-05-01,yen,1.9464700000000001,113.08,12.7,2012
2012-05-01,yuan/renminbi,24.537909523809525,113.08,12.7,2012
2012-06-01,euro,194.7220380952381,98.06,12.9,2012
2012-06-01,pound sterling,241.6407714285714,98.06,12.9,2012
2012-06-01,us dollar,155.3814285714286,98.06,12.9,2012
2012-06-01,yen,1.960595,98.06,12.9,2012
2012-06-01,yuan/renminbi,24.41474761904762,98.06,12.9,2012
2012-07-01,euro,190.7205523809524,104.62,12.8,2012
2012-07-01,pound sterling,242.27839999999998,104.62,12.8,2012
2012-07-01,us dollar,155.37545454545455,104.62,12.8,2012
2012-07-01,yen,1.9679333333333333,104.62,12.8,2012
2012-07-01,yuan/renminbi,24.396809090909088,104.62,12.8,2012
2012-08-01,euro,192.65610952380953,113.76,11.7,2012
2012-08-01,pound sterling,244.0800380952381,113.76,11.7,2012
2012-08-01,us dollar,155.32142857142858,113.76,11.7,2012
2012-08-01,yen,1.9755380952380952,113.76,11.7,2012
2012-08-01,yuan/renminbi,24.41992857142857,113.76,11.7,2012
2012-09-01,euro,199.62573500000002,114.36,11.3,2012
2012-09-01,pound sterling,250.07008000000002,114.36,11.3,2012
2012-09-01,us dollar,155.28500000000003,114.36,11.3,2012
2012-09-01,yen,1.986755,114.36,11.3,2012
2012-09-01,yuan/renminbi,24.561865,114.36,11.3,2012
2012-10-01,euro,201.56371,108.92,11.7,2012
2012-10-01,pound sterling,249.64946,108.92,11.7,2012
2012-10-01,us dollar,155.25799999999998,108.92,11.7,2012
2012-10-01,yen,1.967125,108.92,11.7,2012
2012-10-01,yuan/renminbi,24.77912,108.92,11.7,2012
2012-11-01,euro,199.33648095238095,111.05,12.3,2012
2012-11-01,pound sterling,247.96900952380952,111.05,12.3,2012
2012-11-01,us dollar,155.20285714285714,111.05,12.3,2012
2012-11-01,yen,1.914555,111.05,12.3,2012
2012-11-01,yuan/renminbi,24.902233333333335,111.05,12.3,2012
2012-12-01,euro,203.6465263157895,114.49,12.0,2012
2012-12-01,pound sterling,250.7494157894737,114.49,12.0,2012
2012-12-01,us dollar,155.26631578947368,114.49,12.0,2012
2012-12-01,yen,1.8582333333333334,114.49,12.0,2012
2012-12-01,yuan/renminbi,24.89416842105263,114.49,12.0,2012
2013-01-01,euro,206.30915714285715,115.24,9.0,2013
2013-01-01,pound sterling,247.92306190476188,115.24,9.0,2013
2013-01-01,us dollar,155.24380952380952,115.24,9.0,2013
2013-01-01,yen,1.7443476190476193,115.24,9.0,2013
2013-01-01,yuan/renminbi,24.938828571428573,115.24,9.0,2013
2013-02-01,euro,207.49252499999997,118.81,9.5,2013
2013-02-01,pound sterling,240.32231000000002,118.81,9.5,2013
2013-02-01,us dollar,155.24200000000002,118.81,9.5,2013
2013-02-01,yen,1.66756,118.81,9.5,2013
2013-02-01,yuan/renminbi,24.879735,118.81,9.5,2013
2013-03-01,euro,201.299235,112.79,8.6,2013
2013-03-01,pound sterling,234.03759,112.79,8.6,2013
2013-03-01,us dollar,155.254,112.79,8.6,2013
2013-03-01,yen,1.63748,112.79,8.6,2013
2013-03-01,yuan/renminbi,24.948135,112.79,8.6,2013
2013-04-01,euro,202.22779523809524,105.55,9.1,2013
2013-04-01,pound sterling,237.72701904761902,105.55,9.1,2013
2013-04-01,us dollar,155.24761904761903,105.55,9.1,2013
2013-04-01,yen,1.5861761904761904,105.55,9.1,2013
2013-04-01,yuan/renminbi,25.096609523809526,105.55,9.1,2013
2013-05-01,euro,201.69070000000002,106.0,9.0,2013
2013-05-01,pound sterling,237.5763476190476,106.0,9.0,2013
2013-05-01,us dollar,155.24333333333334,106.0,9.0,2013
2013-05-01,yen,1.538047619047619,106.0,9.0,2013
2013-05-01,yuan/renminbi,25.238142857142854,106.0,9.0,2013
2013-06-01,euro,204.8076,106.06,8.4,2013
2013-06-01,pound sterling,240.33868,106.06,8.4,2013
2013-06-01,us dollar,155.249,106.06,8.4,2013
2013-06-01,yen,1.594645,106.06,8.4,2013
2013-06-01,yuan/renminbi,25.305844999999998,106.06,8.4,2013
2013-07-01,euro,203.1201260869565,109.78,8.7,2013
2013-07-01,pound sterling,235.6408347826087,109.78,8.7,2013
2013-07-01,us dollar,155.2591304347826,109.78,8.7,2013
2013-07-01,yen,1.5578869565217393,109.78,8.7,2013
2013-07-01,yuan/renminbi,25.308999999999997,109.78,8.7,2013
2013-08-01,euro,206.56424,107.84,8.2,2013
2013-08-01,pound sterling,240.58004999999997,107.84,8.2,2013
2013-08-01,us dollar,155.256,107.84,8.2,2013
2013-08-01,yen,1.58275,107.84,8.2,2013
2013-08-01,yuan/renminbi,25.3599,107.84,8.2,2013
2013-09-01,euro,207.2813523809524,113.59,8.0,2013
2013-09-01,pound sterling,246.17498095238096,113.59,8.0,2013
2013-09-01,us dollar,155.25809523809525,113.59,8.0,2013
2013-09-01,yen,1.564890476190476,113.59,8.0,2013
2013-09-01,yuan/renminbi,25.367009523809525,113.59,8.0,2013
2013-10-01,euro,212.05614500000001,112.29,7.8,2013
2013-10-01,pound sterling,250.056125,112.29,7.8,2013
2013-10-01,us dollar,155.358,112.29,7.8,2013
2013-10-01,yen,1.589765,112.29,7.8,2013
2013-10-01,yuan/renminbi,25.450309999999998,112.29,7.8,2013
2013-11-01,euro,209.48044,111.14,7.9,2013
2013-11-01,pound sterling,250.06444000000002,111.14,7.9,2013
2013-11-01,us dollar,155.2115,111.14,7.9,2013
2013-11-01,yen,1.550085,111.14,7.9,2013
2013-11-01,yuan/renminbi,25.4722,111.14,7.9,2013
2013-12-01,euro,212.724085,112.75,8.0,2013
2013-12-01,pound sterling,254.311375,112.75,8.0,2013
2013-12-01,us dollar,155.21699999999998,112.75,8.0,2013
2013-12-01,yen,1.50112,112.75,8.0,2013
2013-12-01,yuan/renminbi,25.549934999999998,112.75,8.0,2013
2014-01-01,euro,211.42096190476192,110.19,8.0,2014
2014-01-01,pound sterling,255.7640619047619,110.19,8.0,2014
2014-01-01,us dollar,155.2342857142857,110.19,8.0,2014
2014-01-01,yen,1.492190476190476,110.19,8.0,2014
2014-01-01,yuan/renminbi,25.588652380952382,110.19,8.0,2014
2014-02-01,euro,212.03269999999998,110.83,7.7,2014
2014-02-01,pound sterling,256.986885,110.83,7.7,2014
2014-02-01,us dollar,155.25,110.83,7.7,2014
2014-02-01,yen,1.521595,110.83,7.7,2014
2014-02-01,yuan/renminbi,25.527515,110.83,7.7,2014
2014-03-01,euro,214.74531000000002,109.47,7.8,2014
2014-03-01,pound sterling,258.1208952380953,109.47,7.8,2014
2014-03-01,us dollar,155.24333333333334,109.47,7.8,2014
2014-03-01,yen,1.5167190476190475,109.47,7.8,2014
2014-03-01,yuan/renminbi,25.14589523809524,109.47,7.8,2014
2014-04-01,euro,214.451015,110.41,7.9,2014
2014-04-01,pound sterling,259.832245,110.41,7.9,2014
2014-04-01,us dollar,155.2345,110.41,7.9,2014
2014-04-01,yen,1.513995,110.41,7.9,2014
2014-04-01,yuan/renminbi,24.935655,110.41,7.9,2014
2014-05-01,euro,213.293775,111.9,8.0,2014
2014-05-01,pound sterling,261.56410500000004,111.9,8.0,2014
2014-05-01,us dollar,155.23,111.9,8.0,2014
2014-05-01,yen,1.5253,111.9,8.0,2014
2014-05-01,yuan/renminbi,24.884225,111.9,8.0,2014
2014-06-01,euro,210.99896190476187,114.6,8.2,2014
2014-06-01,pound sterling,262.44365714285715,114.6,8.2,2014
2014-06-01,us dollar,155.23,114.6,8.2,2014
2014-06-01,yen,1.5209523809523808,114.6,8.2,2014
2014-06-01,yuan/renminbi,24.90829523809524,114.6,8.2,2014
2014-07-01,euro,210.5613619047619,109.63,8.3,2014
2014-07-01,pound sterling,265.0722285714286,109.63,8.3,2014
2014-07-01,us dollar,155.23,109.63,8.3,2014
2014-07-01,yen,1.5260857142857145,109.63,8.3,2014
2014-07-01,yuan/renminbi,25.0177,109.63,8.3,2014
2014-08-01,euro,206.7464,102.33,8.5,2014
2014-08-01,pound sterling,259.28805714285716,102.33,8.5,2014
2014-08-01,us dollar,155.23,102.33,8.5,2014
2014-08-01,yen,1.4505380952380953,102.33,8.5,2014
2014-08-01,yuan/renminbi,25.221519047619047,102.33,8.5,2014
2014-09-01,euro,200.35254545454546,98.27,8.3,2014
2014-09-01,pound sterling,253.2425272727273,98.27,8.3,2014
2014-09-01,us dollar,155.24318181818182,98.27,8.3,2014
2014-09-01,yen,1.4473636363636364,98.27,8.3,2014
2014-09-01,yuan/renminbi,25.28560909090909,98.27,8.3,2014
2014-10-01,euro,196.998765,83.5,8.1,2014
2014-10-01,pound sterling,249.46691500000003,83.5,8.1,2014
2014-10-01,us dollar,155.25650000000002,83.5,8.1,2014
2014-10-01,yen,1.44041,83.5,8.1,2014
2014-10-01,yuan/renminbi,25.35228,83.5,8.1,2014
2014-11-01,euro,196.975285,80.42,7.9,2014
2014-11-01,pound sterling,249.16936,80.42,7.9,2014
2014-11-01,us dollar,157.91199999999998,80.42,7.9,2014
2014-11-01,yen,1.35788,80.42,7.9,2014
2014-11-01,yuan/renminbi,25.774459999999998,80.42,7.9,2014
2014-12-01,euro,206.37091,63.28,8.0,2014
2014-12-01,pound sterling,261.99515,63.28,8.0,2014
2014-12-01,us dollar,167.5,63.28,8.0,2014
2014-12-01,yen,1.402515,63.28,8.0,2014
2014-12-01,yuan/renminbi,27.026125,63.28,8.0,2014
2015-01-01,euro,194.274055,48.81,8.2,2015
2015-01-01,pound sterling,253.62937499999998,48.81,8.2,2015
2015-01-01,us dollar,167.5,48.81,8.2,2015
2015-01-01,yen,1.41674,48.81,8.2,2015
2015-01-01,yuan/renminbi,26.90942,48.81,8.2,2015
2015-02-01,euro,204.20418,58.09,8.4,2015
2015-02-01,pound sterling,274.02196,58.09,8.4,2015
2015-02-01,us dollar,178.15,58.09,8.4,2015
2015-02-01,yen,1.540795,58.09,8.4,2015
2015-02-01,yuan/renminbi,28.464064999999998,58.09,8.4,2015
2015-03-01,euro,213.0981818181818,56.69,8.5,2015
2015-03-01,pound sterling,294.45098636363633,56.69,8.5,2015
2015-03-01,us dollar,196.5727272727273,56.69,8.5,2015
2015-03-01,yen,1.6575499999999999,56.69,8.5,2015
2015-03-01,yuan/renminbi,31.503254545454546,56.69,8.5,2015
2015-04-01,euro,211.96146315789474,57.45,8.7,2015
2015-04-01,pound sterling,293.8978315789474,57.45,8.7,2015
2015-04-01,us dollar,196.5,57.45,8.7,2015
2015-04-01,yen,1.6424947368421052,57.45,8.7,2015
2015-04-01,yuan/renminbi,31.698505263157898,57.45,8.7,2015
2015-05-01,euro,219.293,65.08,9.0,2015
2015-05-01,pound sterling,304.0144789473684,65.08,9.0,2015
2015-05-01,us dollar,196.5,65.08,9.0,2015
2015-05-01,yen,1.6279105263157894,65.08,9.0,2015
2015-05-01,yuan/renminbi,31.669342105263155,65.08,9.0,2015
2015-06-01,euro,220.17765,62.06,9.2,2015
2015-06-01,pound sterling,305.59256363636365,62.06,9.2,2015
2015-06-01,us dollar,196.41590909090908,62.06,9.2,2015
2015-06-01,yen,1.5871590909090907,62.06,9.2,2015
2015-06-01,yuan/renminbi,31.647186363636365,62.06,9.2,2015
2015-07-01,euro,216.32339047619047,57.01,9.2,2015
2015-07-01,pound sterling,305.6282,57.01,9.2,2015
2015-07-01,us dollar,196.47142857142856,57.01,9.2,2015
2015-07-01,yen,1.5931380952380951,57.01,9.2,2015
2015-07-01,yuan/renminbi,31.643114285714287,57.01,9.2,2015
2015-08-01,euro,218.77470476190476,47.09,9.3,2015
2015-08-01,pound sterling,306.4277380952381,47.09,9.3,2015
2015-08-01,us dollar,196.5,47.09,9.3,2015
2015-08-01,yen,1.5958761904761904,47.09,9.3,2015
2015-08-01,yuan/renminbi,30.99811904761905,47.09,9.3,2015
2015-09-01,euro,220.66082,48.08,9.4,2015
2015-09-01,pound sterling,301.782895,48.08,9.4,2015
2015-09-01,us dollar,196.4975,48.08,9.4,2015
2015-09-01,yen,1.63537,48.08,9.4,2015
2015-09-01,yuan/renminbi,30.852565,48.08,9.4,2015
2015-10-01,euro,220.88595714285714,48.86,9.3,2015
2015-10-01,pound sterling,301.4949142857143,48.86,9.3,2015
2015-10-01,us dollar,196.48857142857145,48.86,9.3,2015
2015-10-01,yen,1.6368999999999998,48.86,9.3,2015
2015-10-01,yuan/renminbi,30.94187142857143,48.86,9.3,2015
2015-11-01,euro,210.99527142857144,44.82,9.37,2015
2015-11-01,pound sterling,298.6220285714286,44.82,9.37,2015
2015-11-01,us dollar,196.49142857142857,44.82,9.37,2015
2015-11-01,yen,1.6026761904761904,44.82,9.37,2015
2015-11-01,yuan/renminbi,30.83695714285714,44.82,9.37,2015
2015-12-01,euro,213.45806499999998,37.8,9.55,2015
2015-12-01,pound sterling,294.63928999999996,37.8,9.55,2015
2015-12-01,us dollar,196.4865,37.8,9.55,2015
2015-12-01,yen,1.6126999999999998,37.8,9.55,2015
2015-12-01,yuan/renminbi,30.45696,37.8,9.55,2015
2016-01-01,euro,213.54935500000002,30.66,9.62,2016
2016-01-01,pound sterling,282.906275,30.66,9.62,2016
2016-01-01,us dollar,196.55,30.66,9.62,2016
2016-01-01,yen,1.663525,30.66,9.62,2016
2016-01-01,yuan/renminbi,29.885185,30.66,9.62,2016
2016-02-01,euro,217.99150476190476,31.7,11.38,2016
2016-02-01,pound sterling,281.0698809523809,31.7,11.38,2016
2016-02-01,us dollar,196.5,31.7,11.38,2016
2016-02-01,yen,1.7120857142857144,31.7,11.38,2016
2016-02-01,yuan/renminbi,31.066804761904763,31.7,11.38,2016
2016-03-01,euro,218.33585714285715,37.76,12.77,2016
2016-03-01,pound sterling,279.68689523809525,37.76,12.77,2016
2016-03-01,us dollar,196.5,37.76,12.77,2016
2016-03-01,yen,1.7401666666666666,37.76,12.77,2016
2016-03-01,yuan/renminbi,30.196180952380956,37.76,12.77,2016
2016-04-01,euro,222.89261428571427,41.59,13.72,2016
2016-04-01,pound sterling,281.35339523809523,41.59,13.72,2016
2016-04-01,us dollar,196.5,41.59,13.72,2016
2016-04-01,yen,1.7930095238095238,41.59,13.72,2016
2016-04-01,yuan/renminbi,30.324690476190476,41.59,13.72,2016
2016-05-01,euro,222.28868000000003,47.01,15.58,2016
2016-05-01,pound sterling,285.60099,47.01,15.58,2016
2016-05-01,us dollar,196.5,47.01,15.58,2016
2016-05-01,yen,1.8036249999999998,47.01,15.58,2016
2016-05-01,yuan/renminbi,30.081585,47.01,15.58,2016
2016-06-01,euro,259.46448636363635,48.46,16.48,2016
2016-06-01,pound sterling,327.81541363636364,48.46,16.48,2016
2016-06-01,us dollar,231.26136363636363,48.46,16.48,2016
2016-06-01,yen,2.1999681818181815,48.46,16.48,2016
2016-06-01,yuan/renminbi,35.04551818181818,48.46,16.48,2016
2016-07-01,euro,325.34742222222224,45.25,17.13,2016
2016-07-01,pound sterling,387.7120777777778,45.25,17.13,2016
2016-07-01,us dollar,294.07222222222225,45.25,17.13,2016
2016-07-01,yen,2.810416666666667,45.25,17.13,2016
2016-07-01,yuan/renminbi,44.03352222222222,45.25,17.13,2016
2016-08-01,euro,346.76478695652173,46.15,17.61,2016
2016-08-01,pound sterling,405.4747391304348,46.15,17.61,2016
2016-08-01,us dollar,309.2304347826087,46.15,17.61,2016
2016-08-01,yen,3.055552173913043,46.15,17.61,2016
2016-08-01,yuan/renminbi,46.49872173913044,46.15,17.61,2016
2016-09-01,euro,341.60904,47.43,17.85,2016
2016-09-01,pound sterling,400.42293,47.43,17.85,2016
2016-09-01,us dollar,304.725,47.43,17.85,2016
2016-09-01,yen,2.99176,47.43,17.85,2016
2016-09-01,yuan/renminbi,45.658280000000005,47.43,17.85,2016
2016-10-01,euro,335.663975,50.94,18.33,2016
2016-10-01,pound sterling,375.09035,50.94,18.33,2016
2016-10-01,us dollar,304.7125,50.94,18.33,2016
2016-10-01,yen,2.93093,50.94,18.33,2016
2016-10-01,yuan/renminbi,45.245615,50.94,18.33,2016
2016-11-01,euro,329.28710454545455,45.25,18.48,2016
2016-11-01,pound sterling,378.8719090909091,45.25,18.48,2016
2016-11-01,us dollar,304.6818181818182,45.25,18.48,2016
2016-11-01,yen,2.81705,45.25,18.48,2016
2016-11-01,yuan/renminbi,44.51900454545454,45.25,18.48,2016
2016-12-01,euro,321.6014368421052,53.48,18.55,2016
2016-12-01,pound sterling,380.76735263157894,53.48,18.55,2016
2016-12-01,us dollar,304.7236842105263,53.48,18.55,2016
2016-12-01,yen,2.6237666666666666,53.48,18.55,2016
2016-12-01,yuan/renminbi,44.0127947368421,53.48,18.55,2016
2017-01-01,euro,323.83479523809524,55.01,18.72,2017
2017-01-01,pound sterling,375.70679523809525,55.01,18.72,2017
2017-01-01,us dollar,304.70238095238096,55.01,18.72,2017
2017-01-01,yen,2.650004761904762,55.01,18.72,2017
2017-01-01,yuan/renminbi,44.1834,55.01,18.72,2017
2017-02-01,euro,324.41762,46.39,17.78,2017
2017-02-01,pound sterling,380.54740000000004,46.39,17.78,2017
2017-02-01,south african rand,23.389366666666664,46.39,17.78,2017
2017-02-01,us dollar,304.8125,46.39,17.78,2017
2017-02-01,yen,2.6976649999999998,46.39,17.78,2017
2017-02-01,yuan/renminbi,44.333175,46.39,17.78,2017
2017-03-01,euro,326.8157130434783,52.13,17.26,2017
2017-03-01,pound sterling,377.51439130434784,52.13,17.26,2017
2017-03-01,south african rand,23.61012173913043,52.13,17.26,2017
2017-03-01,us dollar,305.9021739130435,52.13,17.26,2017
2017-03-01,yen,2.7080347826086957,52.13,17.26,2017
2017-03-01,yuan/renminbi,44.33942608695652,52.13,17.26,2017
2017-04-01,euro,327.5959333333333,52.94,17.24,2017
2017-04-01,pound sterling,386.27175555555556,52.94,17.24,2017
2017-04-01,south african rand,22.702266666666667,52.94,17.24,2017
2017-04-01,us dollar,305.55277777777775,52.94,17.24,2017
2017-04-01,yen,2.768861111111111,52.94,17.24,2017
2017-04-01,yuan/renminbi,44.32584444444444,52.94,17.24,2017
2017-05-01,euro,337.1671428571429,50.57,16.25,2017
2017-05-01,pound sterling,394.39531428571433,50.57,16.25,2017
2017-05-01,south african rand,22.980638095238096,50.57,16.25,2017
2017-05-01,us dollar,305.03809523809525,50.57,16.25,2017
2017-05-01,yen,2.716842857142857,50.57,16.25,2017
2017-05-01,yuan/renminbi,44.28251904761905,50.57,16.25,2017
2017-06-01,euro,342.67766,47.42,16.1,2017
2017-06-01,pound sterling,390.93115,47.42,16.1,2017
2017-06-01,south african rand,23.616419999999998,47.42,16.1,2017
2017-06-01,us dollar,305.2125,47.42,16.1,2017
2017-06-01,yen,2.75218,47.42,16.1,2017
2017-06-01,yuan/renminbi,44.82746,47.42,16.1,2017
2017-07-01,euro,351.55439523809525,49.01,16.05,2017
2017-07-01,pound sterling,396.7137523809523,49.01,16.05,2017
2017-07-01,south african rand,23.21854761904762,49.01,16.05,2017
2017-07-01,us dollar,305.3619047619048,49.01,16.05,2017
2017-07-01,yen,2.7153,49.01,16.05,2017
2017-07-01,yuan/renminbi,45.072785714285715,49.01,16.05,2017
2017-08-01,euro,360.33941304347826,51.64,16.01,2017
2017-08-01,pound sterling,395.43639130434786,51.64,16.01,2017
2017-08-01,south african rand,23.043921739130436,51.64,16.01,2017
2017-08-01,us dollar,305.16739130434786,51.64,16.01,2017
2017-08-01,yen,2.7775695652173913,51.64,16.01,2017
2017-08-01,yuan/renminbi,45.733886956521744,51.64,16.01,2017
2017-09-01,euro,363.9348105263158,56.79,15.98,2017
2017-09-01,pound sterling,407.8982210526316,56.79,15.98,2017
2017-09-01,south african rand,23.165042105263158,56.79,15.98,2017
2017-09-01,us dollar,305.38684210526316,56.79,15.98,2017
2017-09-01,yen,2.7558368421052633,56.79,15.98,2017
2017-09-01,yuan/renminbi,46.46012105263158,56.79,15.98,2017
2017-10-01,euro,358.75677619047616,58.46,15.91,2017
2017-10-01,pound sterling,402.5946333333334,58.46,15.91,2017
2017-10-01,south african rand,22.26137619047619,58.46,15.91,2017
2017-10-01,us dollar,305.12380952380954,58.46,15.91,2017
2017-10-01,yen,4.673259090909091,58.46,15.91,2017
2017-10-01,yuan/renminbi,46.04106,58.46,15.91,2017
2017-11-01,euro,358.4849863636364,63.56,15.9,2017
2017-11-01,pound sterling,403.78606818181817,63.56,15.9,2017
2017-11-01,south african rand,21.694013636363636,63.56,15.9,2017
2017-11-01,us dollar,305.4045454545454,63.56,15.9,2017
2017-11-01,yen,2.7066090909090907,63.56,15.9,2017
2017-11-01,yuan/renminbi,46.105672727272726,63.56,15.9,2017
2017-12-01,euro,361.7638277777778,65.11,15.37,2017
2017-12-01,pound sterling,409.8077722222222,65.11,15.37,2017
2017-12-01,south african rand,23.30192222222222,65.11,15.37,2017
2017-12-01,us dollar,305.81388888888887,65.11,15.37,2017
2017-12-01,yen,2.710455555555556,65.11,15.37,2017
2017-12-01,yuan/renminbi,46.360505555555555,65.11,15.37,2017
2018-01-01,euro,372.38535454545456,69.68,15.13,2018
2018-01-01,pound sterling,421.6547409090909,69.68,15.13,2018
2018-01-01,south african rand,25.007654545454546,69.68,15.13,2018
2018-01-01,us dollar,305.2772727272727,69.68,15.13,2018
2018-01-01,yen,2.7532681818181817,69.68,15.13,2018
2018-01-01,yuan/renminbi,47.49320909090909,69.68,15.13,2018
2018-02-01,euro,377.21768000000003,66.67,14.33,2018
2018-02-01,pound sterling,426.70525,66.67,14.33,2018
2018-02-01,south african rand,25.810309999999998,66.67,14.33,2018
2018-02-01,us dollar,305.395,66.67,14.33,2018
2018-02-01,yen,2.829245,66.67,14.33,2018
2018-02-01,yuan/renminbi,48.28306,66.67,14.33,2018
2018-03-01,euro,376.56924285714285,74.72,13.34,2018
2018-03-01,pound sterling,426.5582380952381,74.72,13.34,2018
2018-03-01,south african rand,25.75407142857143,74.72,13.34,2018
2018-03-01,us dollar,305.2404761904762,74.72,13.34,2018
2018-03-01,yen,2.877209523809524,74.72,13.34,2018
2018-03-01,yuan/renminbi,48.261966666666666,74.72,13.34,2018
2018-04-01,euro,373.60985500000004,72.37,12.48,2018
2018-04-01,pound sterling,427.68262999999996,72.37,12.48,2018
2018-04-01,south african rand,25.03793,72.37,12.48,2018
2018-04-01,us dollar,305.11,72.37,12.48,2018
2018-04-01,yen,2.827835,72.37,12.48,2018
2018-04-01,yuan/renminbi,48.267534999999995,72.37,12.48,2018
2018-05-01,euro,361.07642857142855,77.64,11.61,2018
2018-05-01,pound sterling,411.5548095238095,77.64,11.61,2018
2018-05-01,south african rand,24.34147619047619,77.64,11.61,2018
2018-05-01,us dollar,305.3261904761905,77.64,11.61,2018
2018-05-01,yen,2.7823333333333333,77.64,11.61,2018
2018-05-01,yuan/renminbi,47.902457142857145,77.64,11.61,2018
2018-06-01,euro,356.8956052631579,75.38,11.23,2018
2018-06-01,pound sterling,405.9770263157895,75.38,11.23,2018
2018-06-01,south african rand,23.009963157894738,75.38,11.23,2018
2018-06-01,us dollar,305.37105263157895,75.38,11.23,2018
2018-06-01,yen,2.7757473684210523,75.38,11.23,2018
2018-06-01,yuan/renminbi,47.18577894736842,75.38,11.23,2018
2018-07-01,euro,356.8092909090909,74.72,11.14,2018
2018-07-01,pound sterling,402.0637454545455,74.72,11.14,2018
2018-07-01,south african rand,22.757236363636363,74.72,11.14,2018
2018-07-01,us dollar,305.3068181818182,74.72,11.14,2018
2018-07-01,yen,2.7390363636363637,74.72,11.14,2018
2018-07-01,yuan/renminbi,45.46226818181818,74.72,11.14,2018
2018-08-01,euro,352.9622142857143,73.35,11.23,2018
2018-08-01,pound sterling,393.5922761904762,73.35,11.23,2018
2018-08-01,south african rand,21.751266666666666,73.35,11.23,2018
2018-08-01,us dollar,305.5571428571428,73.35,11.23,2018
2018-08-01,yen,2.7510190476190477,73.35,11.23,2018
2018-08-01,yuan/renminbi,44.601147619047616,73.35,11.23,2018
2018-09-01,euro,356.3588842105263,79.59,11.28,2018
2018-09-01,pound sterling,399.2927789473684,79.59,11.28,2018
2018-09-01,south african rand,20.706719999999997,79.59,11.28,2018
2018-09-01,us dollar,305.7725,79.59,11.28,2018
2018-09-01,yen,2.73091,79.59,11.28,2018
2018-09-01,yuan/renminbi,44.59027,79.59,11.28,2018
2018-10-01,euro,351.2963590909091,79.18,11.26,2018
2018-10-01,pound sterling,398.2094363636363,79.18,11.26,2018
2018-10-01,south african rand,21.31379090909091,79.18,11.26,2018
2018-10-01,us dollar,305.99545454545455,79.18,11.26,2018
2018-10-01,yen,2.71225,79.18,11.26,2018
2018-10-01,yuan/renminbi,44.18782272727273,79.18,11.26,2018
2018-11-01,euro,348.0388857142857,66.59,11.28,2018
2018-11-01,pound sterling,395.22856666666667,66.59,11.28,2018
2018-11-01,south african rand,21.73307619047619,66.59,11.28,2018
2018-11-01,us dollar,306.21190476190475,66.59,11.28,2018
2018-11-01,yen,2.7013857142857143,66.59,11.28,2018
2018-11-01,yuan/renminbi,44.12344761904762,66.59,11.28,2018
2018-12-01,euro,348.9653421052632,62.0,11.44,2018
2018-12-01,pound sterling,388.7643631578947,62.0,11.44,2018
2018-12-01,south african rand,21.561242105263158,62.0,11.44,2018
2018-12-01,us dollar,306.42105263157896,62.0,11.44,2018
2018-12-01,yen,2.728331578947368,62.0,11.44,2018
2018-12-01,yuan/renminbi,44.48622631578947,62.0,11.44,2018
2019-01-01,euro,349.88,60.39,11.37,2019
2019-01-01,pound sterling,394.8824272727272,60.39,11.37,2019
2019-01-01,south african rand,22.107013636363636,60.39,11.37,2019
2019-01-01,us dollar,306.3454545454546,60.39,11.37,2019
2019-01-01,yen,2.8127954545454545,60.39,11.37,2019
2019-01-01,yuan/renminbi,45.1194,60.39,11.37,2019
2019-02-01,euro,347.74051,64.89,11.31,2019
2019-02-01,pound sterling,398.37201500000003,64.89,11.31,2019
2019-02-01,south african rand,22.163795,64.89,11.31,2019
2019-02-01,us dollar,306.27,64.89,11.31,2019
2019-02-01,yen,2.774915,64.89,11.31,2019
2019-02-01,yuan/renminbi,45.441494999999996,64.89,11.31,2019
2019-03-01,euro,346.4996,67.67,11.25,2019
2019-03-01,pound sterling,403.6214285714285,67.67,11.25,2019
2019-03-01,south african rand,21.293342857142857,67.67,11.25,2019
2019-03-01,us dollar,306.4238095238095,67.67,11.25,2019
2019-03-01,yen,2.7559,67.67,11.25,2019
2019-03-01,yuan/renminbi,45.64362857142857,67.67,11.25,2019
2019-04-01,euro,344.387355,73.08,11.37,2019
2019-04-01,pound sterling,399.52468,73.08,11.37,2019
2019-04-01,south african rand,21.66147,73.08,11.37,2019
2019-04-01,us dollar,306.4625,73.08,11.37,2019
2019-04-01,yen,2.74519,73.08,11.37,2019
2019-04-01,yuan/renminbi,45.61436,73.08,11.37,2019
2019-05-01,euro,342.78335714285714,73.65,11.4,2019
2019-05-01,pound sterling,393.34210476190475,73.65,11.4,2019
2019-05-01,south african rand,21.264061904761906,73.65,11.4,2019
2019-05-01,us dollar,306.45,73.65,11.4,2019
2019-05-01,yen,2.786233333333333,73.65,11.4,2019
2019-05-01,yuan/renminbi,44.67928095238095,73.65,11.4,2019
2019-06-01,euro,346.3409352941176,66.74,11.22,2019
2019-06-01,pound sterling,388.29721764705886,66.74,11.22,2019
2019-06-01,south african rand,21.045523529411767,66.74,11.22,2019
2019-06-01,us dollar,306.4470588235294,66.74,11.22,2019
2019-06-01,yen,2.836329411764706,66.74,11.22,2019
2019-06-01,yuan/renminbi,44.409270588235294,66.74,11.22,2019
2019-07-01,euro,343.73052173913044,66.24,11.08,2019
2019-07-01,pound sterling,382.17789130434784,66.24,11.08,2019
2019-07-01,south african rand,21.818978260869564,66.24,11.08,2019
2019-07-01,us dollar,306.43695652173915,66.24,11.08,2019
2019-07-01,yen,2.830486956521739,66.24,11.08,2019
2019-07-01,yuan/renminbi,44.55478095238095,66.24,11.08,2019
2019-08-01,euro,340.757445,61.05,11.02,2019
2019-08-01,pound sterling,372.64814,61.05,11.02,2019
2019-08-01,south african rand,20.245330000000003,61.05,11.02,2019
2019-08-01,us dollar,306.4325,61.05,11.02,2019
2019-08-01,yen,2.88263,61.05,11.02,2019
2019-08-01,yuan/renminbi,43.386135,61.05,11.02,2019
2019-09-01,euro,337.37322,65.27,11.24,2019
2019-09-01,pound sterling,378.27386,65.27,11.24,2019
2019-09-01,south african rand,20.65681904761905,65.27,11.24,2019
2019-09-01,us dollar,306.41749999999996,65.27,11.24,2019
2019-09-01,yen,2.851404761904762,65.27,11.24,2019
2019-09-01,yuan/renminbi,43.04408095238095,65.27,11.24,2019
2019-10-01,euro,338.9817619047619,59.1,11.61,2019
2019-10-01,pound sterling,387.5118047619048,59.1,11.61,2019
2019-10-01,south african rand,20.53997142857143,59.1,11.61,2019
2019-10-01,us dollar,306.46190476190475,59.1,11.61,2019
2019-10-01,yen,2.8355761904761905,59.1,11.61,2019
2019-10-01,yuan/renminbi,43.18083333333333,59.1,11.61,2019
2019-11-01,euro,338.744035,63.56,11.85,2019
2019-11-01,pound sterling,394.983345,63.56,11.85,2019
2019-11-01,south african rand,20.722614999999998,63.56,11.85,2019
2019-11-01,us dollar,306.4475,63.56,11.85,2019
2019-11-01,yen,2.8144400000000003,63.56,11.85,2019
2019-11-01,yuan/renminbi,43.64718,63.56,11.85,2019
2019-12-01,euro,340.7837222222222,68.56,11.98,2019
2019-12-01,pound sterling,402.14148421052636,68.56,11.98,2019
2019-12-01,south african rand,21.25285789473684,68.56,11.98,2019
2019-12-01,us dollar,306.45,68.56,11.98,2019
2019-12-01,yen,2.80875,68.56,11.98,2019
2019-12-01,yuan/renminbi,43.67446842105263,68.56,11.98,2019
2020-01-01,euro,340.2009761904762,66.68,12.13,2020
2020-01-01,pound sterling,400.6096523809524,66.68,12.13,2020
2020-01-01,south african rand,21.247161904761906,66.68,12.13,2020
2020-01-01,us dollar,306.4595238095238,66.68,12.13,2020
2020-01-01,yen,2.803347619047619,66.68,12.13,2020
2020-01-01,yuan/renminbi,44.27587619047619,66.68,12.13,2020
2020-02-01,euro,334.247385,58.45,12.2,2020
2020-02-01,pound sterling,397.315885,58.45,12.2,2020
2020-02-01,south african rand,20.423585,58.45,12.2,2020
2020-02-01,us dollar,306.455,58.45,12.2,2020
2020-02-01,yen,2.784405,58.45,12.2,2020
2020-02-01,yuan/renminbi,43.78721,58.45,12.2,2020
2020-03-01,euro,361.0215857142857,32.29,12.26,2020
2020-03-01,pound sterling,403.1672454545455,32.29,12.26,2020
2020-03-01,south african rand,19.54512727272727,32.29,12.26,2020
2020-03-01,us dollar,327.06190476190477,32.29,12.26,2020
2020-03-01,yen,3.0296954545454544,32.29,12.26,2020
2020-03-01,yuan/renminbi,46.517071428571434,32.29,12.26,2020
2020-04-01,euro,391.573325,14.28,12.34,2020
2020-04-01,pound sterling,447.30302,14.28,12.34,2020
2020-04-01,south african rand,19.40638,14.28,12.34,2020
2020-04-01,us dollar,360.5,14.28,12.34,2020
2020-04-01,yen,3.34729,14.28,12.34,2020
2020-04-01,yuan/renminbi,50.93997,14.28,12.34,2020
2020-05-01,euro,392.8789277777778,27.9,12.4,2020
2020-05-01,pound sterling,443.34293888888885,27.9,12.4,2020
2020-05-01,south african rand,19.841255555555556,27.9,12.4,2020
2020-05-01,us dollar,360.5,27.9,12.4,2020
2020-05-01,yen,3.36395,27.9,12.4,2020
2020-05-01,yuan/renminbi,50.73524444444445,27.9,12.4,2020
2020-06-01,euro,405.81831428571434,40.3,12.56,2020
2020-06-01,pound sterling,451.54172380952383,40.3,12.56,2020
2020-06-01,south african rand,21.072095238095237,40.3,12.56,2020
2020-06-01,us dollar,360.5,40.3,12.56,2020
2020-06-01,yen,3.34952380952381,40.3,12.56,2020
2020-06-01,yuan/renminbi,50.8822,40.3,12.56,2020
2020-07-01,euro,412.280445,44.1,12.82,2020
2020-07-01,pound sterling,455.352985,44.1,12.82,2020
2020-07-01,south african rand,21.518549999999998,44.1,12.82,2020
2020-07-01,us dollar,360.5,44.1,12.82,2020
2020-07-01,yen,3.3717300000000003,44.1,12.82,2020
2020-07-01,yuan/renminbi,51.397315000000006,44.1,12.82,2020
2020-08-01,euro,445.7283238095238,45.06,13.22,2020
2020-08-01,pound sterling,494.86562380952387,45.06,13.22,2020
2020-08-01,south african rand,21.870990476190475,45.06,13.22,2020
2020-08-01,us dollar,376.7857142857143,45.06,13.22,2020
2020-08-01,yen,3.5535714285714284,45.06,13.22,2020
2020-08-01,yuan/renminbi,54.37467619047619,45.06,13.22,2020
2020-09-01,euro,447.5806136363636,40.85,13.71,2020
2020-09-01,pound sterling,492.2374,40.85,13.71,2020
2020-09-01,south african rand,22.68010909090909,40.85,13.71,2020
2020-09-01,us dollar,379.5,40.85,13.71,2020
2020-09-01,yen,3.5941045454545457,40.85,13.71,2020
2020-09-01,yuan/renminbi,55.703177272727274,40.85,13.71,2020
2020-10-01,euro,447.0750052631579,39.74,14.23,2020
2020-10-01,pound sterling,492.9128736842105,39.74,14.23,2020
2020-10-01,south african rand,23.08859,39.74,14.23,2020
2020-10-01,us dollar,379.55263157894734,39.74,14.23,2020
2020-10-01,yen,3.607721052631579,39.74,14.23,2020
2020-10-01,yuan/renminbi,56.42685789473685,39.74,14.23,2020
2020-11-01,euro,449.3189809523809,42.7,14.89,2020
2020-11-01,pound sterling,501.50565714285716,42.7,14.89,2020
2020-11-01,south african rand,24.387885,42.7,14.89,2020
2020-11-01,us dollar,379.5,42.7,14.89,2020
2020-11-01,yen,3.634471428571428,42.7,14.89,2020
2020-11-01,yuan/renminbi,56.00685454545454,42.7,14.89,2020
2020-12-01,euro,461.71780476190474,50.33,15.75,2020
2020-12-01,pound sterling,509.65226666666666,50.33,15.75,2020
2020-12-01,south african rand,25.440057142857146,50.33,15.75,2020
2020-12-01,us dollar,379.5,50.33,15.75,2020
2020-12-01,yen,3.655757142857143,50.33,15.75,2020
2020-12-01,yuan/renminbi,58.00154761904762,50.33,15.75,2020
2021-01-01,euro,460.348705,54.87,16.47,2021
2021-01-01,pound sterling,515.65518,54.87,16.47,2021
2021-01-01,south african rand,24.9493,54.87,16.47,2021
2021-01-01,us dollar,379.5,54.87,16.47,2021
2021-01-01,yen,3.652235,54.87,16.47,2021
2021-01-01,yuan/renminbi,58.42379,54.87,16.47,2021
2021-02-01,euro,459.14189999999996,62.48,17.33,2021
2021-02-01,pound sterling,526.4284421052631,62.48,17.33,2021
2021-02-01,south african rand,25.68807,62.48,17.33,2021
2021-02-01,us dollar,379.5,62.48,17.33,2021
2021-02-01,yen,3.6010649999999997,62.48,17.33,2021
2021-02-01,yuan/renminbi,58.74546,62.48,17.33,2021
2021-03-01,euro,451.72053043478263,65.62,18.17,2021
2021-03-01,pound sterling,525.9705217391304,65.62,18.17,2021
2021-03-01,south african rand,25.332447826086955,65.62,18.17,2021
2021-03-01,us dollar,379.5,65.62,18.17,2021
2021-03-01,yen,3.4900826086956522,65.62,18.17,2021
2021-03-01,yuan/renminbi,58.285826086956526,65.62,18.17,2021
2021-04-01,euro,455.10441578947365,64.3,18.12,2021
2021-04-01,pound sterling,525.5236368421052,64.3,18.12,2021
2021-04-01,south african rand,26.37391052631579,64.3,18.12,2021
2021-04-01,us dollar,379.5,64.3,18.12,2021
2021-04-01,yen,3.4865894736842105,64.3,18.12,2021
2021-04-01,yuan/renminbi,58.2584947368421,64.3,18.12,2021
2021-05-01,euro,482.5535333333333,67.83,17.93,2021
2021-05-01,pound sterling,557.2542909090909,67.83,17.93,2021
2021-05-01,south african rand,28.318841666666668,67.83,17.93,2021
2021-05-01,us dollar,397.1458333333333,67.83,17.93,2021
2021-05-01,yen,3.6373916666666664,67.83,17.93,2021
2021-05-01,yuan/renminbi,61.840133333333334,67.83,17.93,2021
2021-06-01,euro,493.4078333333334,73.46,17.75,2021
2021-06-01,pound sterling,574.5351619047619,73.46,17.75,2021
2021-06-01,south african rand,29.44262857142857,73.46,17.75,2021
2021-06-01,us dollar,409.664761904762,73.46,17.75,2021
2021-06-01,yen,3.7204949999999997,73.46,17.75,2021
2021-06-01,yuan/renminbi,63.746204761904764,73.46,17.75,2021
2021-07-01,euro,484.7034777777778,75.93,17.38,2021
2021-07-01,pound sterling,566.6598842105263,75.93,17.38,2021
2021-07-01,south african rand,28.259494736842104,75.93,17.38,2021
2021-07-01,us dollar,409.6326315789474,75.93,17.38,2021
2021-07-01,yen,3.7139210526315787,75.93,17.38,2021
2021-07-01,yuan/renminbi,63.259347368421054,75.93,17.38,2021
2021-08-01,euro,482.3089136363636,70.72,17.01,2021
2021-08-01,pound sterling,565.5091909090909,70.72,17.01,2021
2021-08-01,south african rand,27.745261904761904,70.72,17.01,2021
2021-08-01,us dollar,409.65318181818185,70.72,17.01,2021
2021-08-01,yen,3.730833333333333,70.72,17.01,2021
2021-08-01,yuan/renminbi,61.69760869565218,70.72,17.01,2021
2021-09-01,euro,482.64885,74.55,16.63,2021
2021-09-01,pound sterling,563.3623045454545,74.55,16.63,2021
2021-09-01,south african rand,28.142714285714284,74.55,16.63,2021
2021-09-01,us dollar,410.0168181818182,74.55,16.63,2021
2021-09-01,yen,3.72137619047619,74.55,16.63,2021
2021-09-01,yuan/renminbi,63.48399545454545,74.55,16.63,2021
2021-10-01,euro,476.00749473684215,84.11,15.99,2021
2021-10-01,pound sterling,562.5996277777778,84.11,15.99,2021
2021-10-01,south african rand,27.606294736842102,84.11,15.99,2021
2021-10-01,us dollar,410.41263157894736,84.11,15.99,2021
2021-10-01,yen,3.6266947368421056,84.11,15.99,2021
2021-10-01,yuan/renminbi,63.8959,84.11,15.99,2021
2021-11-01,euro,469.06732272727277,82.16,15.4,2021
2021-11-01,pound sterling,553.1628681818182,82.16,15.4,2021
2021-11-01,south african rand,26.49589047619048,82.16,15.4,2021
2021-11-01,us dollar,410.8054545454545,82.16,15.4,2021
2021-11-01,yen,3.6032136363636367,82.16,15.4,2021
2021-11-01,yuan/renminbi,62.65151739130435,82.16,15.4,2021
2021-12-01,euro,464.57866666666666,65.41,15.63,2021
2021-12-01,pound sterling,547.1805238095237,65.41,15.63,2021
2021-12-01,south african rand,25.86351052631579,65.41,15.63,2021
2021-12-01,us dollar,411.1328571428572,65.41,15.63,2021
2021-12-01,yen,3.609442857142857,65.41,15.63,2021
2021-12-01,yuan/renminbi,64.55597619047619,65.41,15.63,2021
2022-01-01,euro,469.307647368421,88.71,15.6,2022
2022-01-01,pound sterling,561.814005,88.71,15.6,2022
2022-01-01,south african rand,26.79332105263158,88.71,15.6,2022
2022-01-01,us dollar,414.535,88.71,15.6,2022
2022-01-01,yen,3.607705,88.71,15.6,2022
2022-01-01,yuan/renminbi,65.20036,88.71,15.6,2022
2022-02-01,euro,471.80135789473684,99.64,15.7,2022
2022-02-01,pound sterling,563.54518,99.64,15.7,2022
2022-02-01,south african rand,27.335885,99.64,15.7,2022
2022-02-01,us dollar,416.149,99.64,15.7,2022
2022-02-01,yen,3.6125300000000005,99.64,15.7,2022
2022-02-01,yuan/renminbi,65.56985789473684,99.64,15.7,2022
2022-03-01,euro,458.40633043478266,121.23,15.92,2022
2022-03-01,pound sterling,547.9809869565217,121.23,15.92,2022
2022-03-01,south african rand,27.747134782608693,121.23,15.92,2022
2022-03-01,us dollar,415.8273913043478,121.23,15.92,2022
2022-03-01,yen,3.5075347826086953,121.23,15.92,2022
2022-03-01,yuan/renminbi,65.53443181818182,121.23,15.92,2022
2022-04-01,euro,449.26945789473683,106.51,16.82,2022
2022-04-01,pound sterling,537.1533052631579,106.51,16.82,2022
2022-04-01,south african rand,27.617057894736842,106.51,16.82,2022
2022-04-01,us dollar,415.4015789473684,106.51,16.82,2022
2022-04-01,yen,3.2891105263157896,106.51,16.82,2022
2022-04-01,yuan/renminbi,64.52235555555555,106.51,16.82,2022
2022-05-01,euro,439.208465,116.72,17.71,2022
2022-05-01,pound sterling,516.42111,116.72,17.71,2022
2022-05-01,south african rand,26.113355000000002,116.72,17.71,2022
2022-05-01,us dollar,415.075165,116.72,17.71,2022
2022-05-01,yen,3.2201555555555554,116.72,17.71,2022
2022-05-01,yuan/renminbi,61.87866,116.72,17.71,2022
2022-06-01,euro,438.87878095238096,130.1,18.6,2022
2022-06-01,pound sterling,511.7696714285714,130.1,18.6,2022
2022-06-01,south african rand,26.284057142857144,130.1,18.6,2022
2022-06-01,us dollar,415.02476190476193,130.1,18.6,2022
2022-06-01,yen,3.0982476190476187,130.1,18.6,2022
2022-06-01,yuan/renminbi,61.99660952380952,130.1,18.6,2022
2022-07-01,euro,423.308,120.54,19.64,2022
2022-07-01,pound sterling,497.935152631579,120.54,19.64,2022
2022-07-01,south african rand,24.670394736842105,120.54,19.64,2022
2022-07-01,us dollar,415.10526315789474,120.54,19.64,2022
2022-07-01,yen,3.035957894736842,120.54,19.64,2022
2022-07-01,yuan/renminbi,61.621747368421055,120.54,19.64,2022
2022-08-01,euro,425.2421863636364,106.34,20.52,2022
2022-08-01,pound sterling,503.2681772727273,106.34,20.52,2022
2022-08-01,south african rand,25.11601904761905,106.34,20.52,2022
2022-08-01,us dollar,419.97272727272724,106.34,20.52,2022
2022-08-01,yen,3.105072727272727,106.34,20.52,2022
2022-08-01,yuan/renminbi,61.728472727272724,106.34,20.52,2022
2022-09-01,euro,424.96297142857145,93.25,20.77,2022
2022-09-01,pound sterling,486.14026190476187,93.25,20.77,2022
2022-09-01,south african rand,24.444685714285715,93.25,20.77,2022
2022-09-01,us dollar,428.7495238095238,93.25,20.77,2022
2022-09-01,yen,3.0032857142857146,93.25,20.77,2022
2022-09-01,yuan/renminbi,61.11067619047619,93.25,20.77,2022
2022-10-01,euro,429.30775,96.57,21.09,2022
2022-10-01,pound sterling,493.37672222222216,96.57,21.09,2022
2022-10-01,south african rand,23.486444444444444,96.57,21.09,2022
2022-10-01,us dollar,436.11555555555555,96.57,21.09,2022
2022-10-01,yen,2.956938888888889,96.57,21.09,2022
2022-10-01,yuan/renminbi,60.55396111111111,96.57,21.09,2022
2022-11-01,euro,450.67219090909094,93.36,21.47,2022
2022-11-01,pound sterling,518.8291545454546,93.36,21.47,2022
2022-11-01,south african rand,25.265213636363637,93.36,21.47,2022
2022-11-01,us dollar,441.8792727272727,93.36,21.47,2022
2022-11-01,yen,3.1020904761904764,93.36,21.47,2022
2022-11-01,yuan/renminbi,61.60584285714286,93.36,21.47,2022
2022-12-01,euro,472.10793,82.5,21.34,2022
2022-12-01,pound sterling,543.511035,82.5,21.34,2022
2022-12-01,south african rand,25.799599999999998,82.5,21.34,2022
2022-12-01,us dollar,445.9705,82.5,21.34,2022
2022-12-01,yen,3.3043,82.5,21.34,2022
2022-12-01,yuan/renminbi,63.917625,82.5,21.34,2022
2023-01-01,euro,490.26109047619053,84.78,21.82,2023
2023-01-01,pound sterling,556.007861904762,84.78,21.82,2023
2023-01-01,south african rand,28.476685714285715,84.78,21.82,2023
2023-01-01,us dollar,454.9704761904762,84.78,21.82,2023
2023-01-01,yen,3.4869047619047615,84.78,21.82,2023
2023-01-01,yuan/renminbi,66.99550952380953,84.78,21.82,2023
2023-02-01,euro,493.403255,86.04,21.91,2023
2023-02-01,pound sterling,557.0619399999999,86.04,21.91,2023
2023-02-01,south african rand,25.7214,86.04,21.91,2023
2023-02-01,us dollar,460.42600000000004,86.04,21.91,2023
2023-02-01,yen,3.4656350000000002,86.04,21.91,2023
2023-02-01,yuan/renminbi,67.343805,86.04,21.91,2023
2023-03-01,euro,493.1026954545454,81.1,22.04,2023
2023-03-01,pound sterling,559.1554681818182,81.1,22.04,2023
2023-03-01,south african rand,25.185543478260872,81.1,22.04,2023
2023-03-01,us dollar,460.43136363636364,81.1,22.04,2023
2023-03-01,yen,3.4482500000000003,81.1,22.04,2023
2023-03-01,yuan/renminbi,66.76376086956522,81.1,22.04,2023
2023-05-01,euro,501.096819047619,76.91,22.41,2023
2023-05-01,pound sterling,575.8925736842106,76.91,22.41,2023
2023-05-01,south african rand,24.28942,76.91,22.41,2023
2023-05-01,us dollar,460.70238095238096,76.91,22.41,2023
2023-05-01,yen,3.365747619047619,76.91,22.41,2023
2023-05-01,yuan/renminbi,66.004395,76.91,22.41,2023
2023-06-01,euro,669.3873352941176,76.97,22.79,2023
2023-06-01,pound sterling,780.5221588235295,76.97,22.79,2023
2023-06-01,south african rand,32.51065,76.97,22.79,2023
2023-06-01,us dollar,607.7488888888888,76.97,22.79,2023
2023-06-01,yen,4.26041875,76.97,22.79,2023
2023-06-01,yuan/renminbi,84.81043333333334,76.97,22.79,2023
2023-07-01,euro,851.3628333333334,82.27,24.08,2023
2023-07-01,pound sterling,993.3100000000001,82.27,24.08,2023
2023-07-01,south african rand,42.383715,82.27,24.08,2023
2023-07-01,us dollar,769.8165238095238,82.27,24.08,2023
2023-07-01,yen,5.4341380952380955,82.27,24.08,2023
2023-07-01,yuan/renminbi,107.15428999999999,82.27,24.08,2023
2023-08-01,euro,831.0217478260869,89.3,25.8,2023
2023-08-01,pound sterling,967.7368826086956,89.3,25.8,2023
2023-08-01,south african rand,48.01811818181818,89.3,25.8,2023
2023-08-01,us dollar,761.6203478260869,89.3,25.8,2023
2023-08-01,yen,5.258686956521739,89.3,25.8,2023
2023-08-01,yuan/renminbi,104.91197727272728,89.3,25.8,2023
2023-09-01,euro,814.97167,98.16,26.72,2023
2023-09-01,pound sterling,945.685125,98.16,26.72,2023
2023-09-01,south african rand,40.122145,98.16,26.72,2023
2023-09-01,us dollar,761.3271578947368,98.16,26.72,2023
2023-09-01,yen,5.1567300000000005,98.16,26.72,2023
2023-09-01,yuan/renminbi,104.33078499999999,98.16,26.72,2023
2023-10-01,euro,841.4432476190476,94.9,27.33,2023
2023-10-01,pound sterling,969.4088904761904,94.9,27.33,2023
2023-10-01,south african rand,41.84339047619047,94.9,27.33,2023
2023-10-01,us dollar,796.438,94.9,27.33,2023
2023-10-01,yen,5.3224238095238094,94.9,27.33,2023
2023-10-01,yuan/renminbi,108.9559380952381,94.9,27.33,2023
2023-11-01,euro,892.6294157894738,85.76,28.2,2023
2023-11-01,pound sterling,1033.5313380952382,85.76,28.2,2023
2023-11-01,south african rand,44.93016,85.76,28.2,2023
2023-11-01,us dollar,832.6758095238094,85.76,28.2,2023
2023-11-01,yen,5.5548190476190475,85.76,28.2,2023
2023-11-01,yuan/renminbi,115.20650952380952,85.76,28.2,2023
2023-12-01,euro,977.1197599999999,79.12,28.92,2023
2023-12-01,pound sterling,1137.436,79.12,28.92,2023
2023-12-01,south african rand,48.389894444444444,79.12,28.92,2023
2023-12-01,us dollar,898.8976315789474,79.12,28.92,2023
2023-12-01,yen,6.288965,79.12,28.92,2023
2023-12-01,yuan/renminbi,126.22505555555556,79.12,28.92,2023
2024-01-01,euro,1026.146340909091,82.18,29.9,2024
2024-01-01,pound sterling,1195.1392181818183,82.18,29.9,2024
2024-01-01,south african rand,50.069213636363635,82.18,29.9,2024
2024-01-01,us dollar,941.2560227272727,82.18,29.9,2024
2024-01-01,yen,6.437259090909091,82.18,29.9,2024
2024-01-01,yuan/renminbi,131.24909545454545,82.18,29.9,2024
2024-02-01,euro,1623.407485714286,86.08,31.7,2024
2024-02-01,pound sterling,1899.4700095238095,86.08,31.7,2024
2024-02-01,south african rand,79.08571428571429,86.08,31.7,2024
2024-02-01,us dollar,1504.8205238095238,86.08,31.7,2024
2024-02-01,yen,10.055295238095239,86.08,31.7,2024
2024-02-01,yuan/renminbi,209.16754761904764,86.08,31.7,2024
2024-03-01,euro,1643.024235,88.8,33.2,2024
2024-03-01,pound sterling,1921.28753,88.8,33.2,2024
2024-03-01,south african rand,80.1737,88.8,33.2,2024
2024-03-01,us dollar,1510.8432,88.8,33.2,2024
2024-03-01,yen,10.09556,88.8,33.2,2024
2024-03-01,yuan/renminbi,209.800695,88.8,33.2,2024
2024-04-01,euro,1325.2665777777777,93.12,33.69,2024
2024-04-01,pound sterling,1530.6205333333335,93.12,33.69,2024
2024-04-01,south african rand,65.67760588235294,93.12,33.69,2024
2024-04-01,us dollar,1236.5577222222223,93.12,33.69,2024
2024-04-01,yen,8.065529411764706,93.12,33.69,2024
2024-04-01,yuan/renminbi,160.63943333333333,93.12,33.69,2024
2024-05-01,euro,1553.4068318181817,84.01,33.95,2024
2024-05-01,pound sterling,1815.0950909090907,84.01,33.95,2024
2024-05-01,south african rand,78.00293636363637,84.01,33.95,2024
2024-05-01,us dollar,1435.5678181818182,84.01,33.95,2024
2024-05-01,yen,9.212018181818182,84.01,33.95,2024
2024-05-01,yuan/renminbi,198.45235909090908,84.01,33.95,2024
2024-06-01,euro,1594.970311764706,83.64,34.19,2024
2024-06-01,pound sterling,1883.518111764706,83.64,34.19,2024
2024-06-01,south african rand,80.44885294117647,83.64,34.19,2024
2024-06-01,us dollar,1481.7662352941175,83.64,34.19,2024
2024-06-01,yen,9.38595882352941,83.64,34.19,2024
2024-06-01,yuan/renminbi,204.23878823529412,83.64,34.19,2024
2024-07-01,euro,1689.3967541666668,87.28,33.4,2024
2024-07-01,pound sterling,2003.6467249999998,87.28,33.4,2024
2024-07-01,south african rand,85.305775,87.28,33.4,2024
2024-07-01,us dollar,1557.570125,87.28,33.4,2024
2024-07-01,yen,9.87825,87.28,33.4,2024
2024-07-01,yuan/renminbi,214.4644375,87.28,33.4,2024
2024-08-01,euro,1747.6744272727271,82.88,32.15,2024
2024-08-01,pound sterling,2052.9664909090907,82.88,32.15,2024
2024-08-01,south african rand,87.96668636363637,82.88,32.15,2024
2024-08-01,us dollar,1586.9394545454545,82.88,32.15,2024
2024-08-01,yen,10.842,82.88,32.15,2024
2024-08-01,yuan/renminbi,221.96054090909092,82.88,32.15,2024
2024-09-01,euro,1796.108175,76.05,32.7,2024
2024-09-01,pound sterling,2138.32403,76.05,32.7,2024
2024-09-01,south african rand,91.895905,76.05,32.7,2024
2024-09-01,us dollar,1617.7167,76.05,32.7,2024
2024-09-01,yen,11.280605,76.05,32.7,2024
2024-09-01,yuan/renminbi,228.09117,76.05,32.7,2024
2024-10-01,euro,1786.92515,76.69,33.88,2024
2024-10-01,pound sterling,2139.4837545454543,76.69,33.88,2024
2024-10-01,south african rand,93.26125454545455,76.69,33.88,2024
2024-10-01,us dollar,1640.6638636363639,76.69,33.88,2024
2024-10-01,yen,10.9324,76.69,33.88,2024
2024-10-01,yuan/renminbi,231.36633636363638,76.69,33.88,2024
2024-11-01,euro,1775.9238333333335,75.44,34.6,2024
2024-11-01,pound sterling,2129.9052714285713,75.44,34.6,2024
2024-11-01,south african rand,93.270275,75.44,34.6,2024
2024-11-01,us dollar,1670.2764285714286,75.44,34.6,2024
2024-11-01,yen,10.882371428571428,75.44,34.6,2024
2024-11-01,yuan/renminbi,232.063605,75.44,34.6,2024
2024-12-01,euro,1628.133375,74.72,15.44,2024
2024-12-01,pound sterling,1966.780695,74.72,15.44,2024
2024-12-01,south african rand,85.40994,74.72,15.44,2024
2024-12-01,us dollar,1553.253995,74.72,15.44,2024
2024-12-01,yen,10.111415,74.72,15.44,2024
2024-12-01,yuan/renminbi,213.341505,74.72,15.44,2024
